customer_id,full_name,email,phone_number,city,signup_date
251212.0,Shanaya Madan,ahana-vora@gmail.com,7332867654.0,Chennai,21-04-2023
848133.0,Mannat Talwar,akarsh20@wason.com,8578396720.0,Pune,11-06-2024
511492.0,Aaryahi Shenoy,rde@gola.info,7994838320.0,Chennai,02-06-2024
128097.0,Jayesh Jha,urvi41@yahoo.com,9834699453.0,Kolkata,24-03-2025
905038.0,Armaan Sarna,nishith98@chauhan.com,7513076043.0,Pune,07-07-2024
541502.0,Ritvik Chatterjee,vsaha@kulkarni-comar.net,7982033579.0,Kolkata,16-11-2024
866511.0,Ayesha Shetty,,8855091969.0,Chennai,31-10-2023
512203.0,Tushar Rau,lmangat@yahoo.com,8215928685.0,Delhi,08-02-2024
553987.0,Samiha Gill,,7518091323.0,Ahmedabad,05-04-2025
209910.0,Priyansh Agrawal,routkartik@gmail.com,7802905101.0,Kolkata,24-11-2023
847839.0,Gokul Varghese,zaina83@tiwari.net,9925325117.0,Pune,16-05-2023
583064.0,Tarini Vyas,sakshambarman@chakraborty.com,9205613992.0,Ahmedabad,13-10-2024
733533.0,Eshani Ramaswamy,gkapadia@hotmail.com,9901804796.0,Pune,09-11-2024
584429.0,Badal Grewal,ohayer@hotmail.com,7999251911.0,Kolkata,22-02-2024
269218.0,Shlok Gola,aliabatra@garde.com,7394687208.0,Ahmedabad,13-06-2023
277847.0,Dhruv Raman,koshyyashvi@balakrishnan.com,8852639340.0,Mumbai,20-09-2023
457035.0,Jhanvi Sehgal,darshitbose@sridhar.biz,8745916414.0,Delhi,24-03-2025
597401.0,Kiaan Bansal,,7766959137.0,Delhi,20-03-2025
531065.0,Navya Agrawal,,7121386682.0,Hyderabad,25-02-2025
266733.0,Adah Kamdar,gokul03@gmail.com,8643563127.0,Mumbai,11-04-2025
718874.0,Azad Andra,myrasagar@gmail.com,7350316294.0,Ahmedabad,28-03-2025
397491.0,Ira Sawhney,nirvaantiwari@hotmail.com,9234330853.0,Pune,05-04-2025
898837.0,Ivana Grover,aarav05@hotmail.com,8006314846.0,Hyderabad,19-06-2024
628023.0,Indranil Andra,kismatgoda@thaman-subramaniam.org,9038756159.0,Mumbai,17-09-2023
217981.0,Farhan Ravel,akarsh27@wadhwa.biz,7176932950.0,Chennai,09-04-2025
486172.0,Hansh Borde,,8578254940.0,Kolkata,25-04-2024
462199.0,Tara Dani,cbajaj@hotmail.com,9559381066.0,Delhi,11-04-2025
249624.0,Biju Choudhary,bhatnagarsuhana@gmail.com,7444474733.0,Chennai,28-03-2025
759139.0,Priyansh Sha,lavanya40@gmail.com,9666390588.0,Bangalore,08-03-2025
474993.0,Charvi Ahluwalia,,7866106217.0,Pune,01-02-2024
903347.0,Trisha Ghosh,aaryahi77@yahoo.com,9403455972.0,Delhi,13-02-2025
595639.0,Armaan Sarkar,shraymaharaj@dewan.com,7534926256.0,Ahmedabad,04-10-2024
760885.0,Prisha Borra,eraman@vala.com,9352674462.0,Kolkata,02-04-2025
643914.0,Kiara Golla,,8620200747.0,Delhi,04-05-2024
890029.0,Taran Loyal,,8003140074.0,Ahmedabad,20-03-2025
156523.0,Miraan Lata,lhans@yahoo.com,8762147286.0,Mumbai,03-05-2024
305198.0,Hazel Solanki,shalv93@hans.org,9372814066.0,Pune,23-09-2023
370147.0,Parinaaz Sheth,qbal@gmail.com,7962001833.0,Pune,12-04-2025
285490.0,Lakshay Loke,lcheema@sharaf.com,9040520243.0,Bangalore,14-04-2025
858599.0,Rasha Saxena,,8546090013.0,Ahmedabad,07-09-2023
712034.0,Divyansh Bhasin,jivikavenkatesh@gmail.com,9243605829.0,Delhi,19-03-2025
440442.0,Tushar Chokshi,dhanush65@dhillon.org,7253389892.0,Bangalore,19-12-2024
410423.0,Vihaan Hayre,,9670550456.0,Bangalore,21-09-2023
498577.0,Miraan Talwar,yhayer@khurana.com,8676320773.0,Hyderabad,20-04-2023
765240.0,Zaina Cheema,joshizoya@yahoo.com,7719454656.0,Pune,31-03-2025
143476.0,Pari Dutta,,9929530775.0,Hyderabad,04-12-2023
405251.0,Samarth Kumar,dasguptatejas@hotmail.com,9229991747.0,Pune,31-03-2025
678221.0,Umang Varughese,balihazel@rajan.com,9848435858.0,Hyderabad,24-06-2024
552159.0,Prisha Venkataraman,srivastavahiran@thaker.com,8043541813.0,Ahmedabad,02-05-2024
136596.0,Onkar Ahuja,,9387224925.0,Hyderabad,28-03-2025
815362.0,Aaryahi Wali,nehmatsalvi@hotmail.com,7576253427.0,Hyderabad,05-07-2023
530489.0,Alia Deo,kartikgoswami@sule-divan.info,9838248510.0,Delhi,14-03-2024
382139.0,Khushi Anne,rajagopaleva@gmail.com,9773380239.0,Chennai,18-06-2023
493386.0,Nitya Bawa,,9119264476.0,Hyderabad,08-04-2025
863233.0,Indrans Gade,,8881824103.0,Pune,11-03-2024
318287.0,Jiya Mann,,9012500763.0,Delhi,22-03-2025
463727.0,Zain Rattan,arnavgara@som-chaudhry.com,7669027887.0,Pune,30-03-2024
240679.0,Ahana  Kumar,chirag63@sabharwal.com,8580016724.0,Mumbai,18-03-2025
238575.0,Damini Bhavsar,samarth69@jaggi-sekhon.com,7376102852.0,Pune,22-11-2024
215656.0,Mamooty Yadav,contractorkeya@hotmail.com,9322906821.0,Hyderabad,18-08-2024
742912.0,Jivin Walla,advikwason@ramakrishnan.com,9279939004.0,Ahmedabad,13-06-2023
474303.0,Akarsh Doctor,samashaan@lalla.com,7336225326.0,Ahmedabad,01-01-2025
273809.0,Inaaya  Mahal,aarush69@srinivasan.org,8801066317.0,Kolkata,10-09-2023
132742.0,Siya Shankar,omaharaj@grover.com,8027015672.0,Mumbai,04-02-2024
551493.0,Samarth Singhal,,7658759903.0,Ahmedabad,23-03-2025
704709.0,Advika Chauhan,yuvraj-singh@doctor-sachdev.com,8195964394.0,Hyderabad,28-05-2024
517749.0,Devansh Sen,,7980568991.0,Chennai,02-10-2023
586035.0,Baiju Dhaliwal,somkimaya@virk-rajan.com,7664797324.0,Kolkata,08-11-2024
179868.0,Yuvaan Dutt,raunak32@dixit.com,7271864211.0,Ahmedabad,29-09-2024
773075.0,Navya Dada,esuresh@dada.com,7104332746.0,Delhi,28-07-2023
845296.0,Aarna Devan,uthkarsh19@gmail.com,7608772410.0,Mumbai,19-03-2025
841380.0,Rati Devi,bchar@sama.com,8064637125.0,Mumbai,25-11-2023
813895.0,Devansh Sethi,,8650542480.0,Delhi,04-05-2023
181605.0,Rati Balay,,9646460159.0,Hyderabad,16-12-2023
915577.0,Aradhya Upadhyay,mahikadin@yahoo.com,8454899242.0,Mumbai,17-03-2025
546093.0,Neelofar Dewan,xchanda@yahoo.com,7094288686.0,Chennai,26-07-2024
671382.0,Zoya Subramaniam,,7426587693.0,Pune,18-08-2023
861486.0,Heer Shah,frandhawa@hotmail.com,8080284453.0,Delhi,28-06-2024
680823.0,Nakul Ravi,asaini@atwal.com,9084229175.0,Mumbai,15-06-2024
245018.0,Kabir Vaidya,nhanda@bal.org,8491731479.0,Delhi,11-05-2023
277453.0,Azad Kalita,chargatik@karnik.info,7761029653.0,Hyderabad,02-11-2024
260398.0,Rasha Seshadri,tejasbhandari@yahoo.com,8496435124.0,Bangalore,22-03-2025
317541.0,Mamooty Raja,,9350539051.0,Hyderabad,29-03-2025
272460.0,Shayak Das,,7551750221.0,Chennai,01-07-2023
339336.0,Samiha Swaminathan,vidurchatterjee@sood.com,7357693465.0,Kolkata,28-01-2025
131166.0,Samiha Batra,,7150792111.0,Delhi,24-12-2023
650820.0,Dhanuk Rana,,7492455756.0,Bangalore,26-04-2023
242140.0,Reyansh Mall,miraandhar@barman.info,9202074837.0,Kolkata,06-02-2024
958765.0,Urvi Kata,singhalkiaan@chopra-singh.com,8780770255.0,Pune,04-04-2025
616992.0,Chirag Tandon,adiravenkataraman@mangat.com,8392130357.0,Bangalore,21-03-2025
474314.0,Kimaya Trivedi,dharmajanbawa@yahoo.com,9893224092.0,Chennai,16-03-2025
753630.0,Rati Bumb,oborra@bhalla.com,9742050442.0,Chennai,11-04-2025
871624.0,Lakshay Goda,,8361179423.0,Chennai,26-03-2025
402031.0,Urvi Tiwari,kabirhegde@yahoo.com,9973478222.0,Bangalore,03-04-2025
851249.0,Manjari Batta,navyadhingra@kant.com,8669084740.0,Pune,14-04-2025
931756.0,Nitara Singh,ljain@babu-badal.info,8088636575.0,Kolkata,10-10-2024
451453.0,Aarush Uppal,vritikabhargava@gmail.com,8927631712.0,Delhi,19-05-2024
817427.0,Gokul Dixit,urvi68@mangat-ramesh.org,9236479926.0,Mumbai,26-03-2025
224232.0,Divyansh Tripathi,jyohannan@datta.com,8647981998.0,Mumbai,22-03-2025
941546.0,Nehmat Goswami,,7422716988.0,Bangalore,11-02-2024
